,Movie_Title,Release_Year,URL_Movie_Names,Rottentomatoes_URLs
0,12 Years a Slave,2013,12_years_a_slave,https://www.rottentomatoes.com/m/12_years_a_slave
1,127 Hours,2010,127_hours,https://www.rottentomatoes.com/m/127_hours
2,13 Hours,2016,13_hours_the_secret_soldiers_of_benghazi,https://www.rottentomatoes.com/m/13_hours_the_secret_soldiers_of_benghazi
3,13th,2016,13th,https://www.rottentomatoes.com/m/13th
4,1917,2019,1917,https://www.rottentomatoes.com/m/1917_2019
5,20 Days in Mariupol,2023,20_days_in_mariupol,https://www.rottentomatoes.com/m/20_days_in_mariupol
6,20 Feet from Stardom,2013,20_feet_from_stardom,https://www.rottentomatoes.com/m/20_feet_from_stardom
7,20th Century Women,2016,20th_century_women,https://www.rottentomatoes.com/m/20th_century_women
8,4.1 Miles,2016,41_miles,https://www.rottentomatoes.com/m/41_miles
9,45 Years,2015,45_years,https://www.rottentomatoes.com/m/45_years
10,5 Broken Cameras,2011,5_broken_cameras,https://www.rottentomatoes.com/m/5_broken_cameras
11,A Beautiful Day in the Neighborhood,2019,a_beautiful_day_in_the_neighborhood,https://www.rottentomatoes.com/m/a_beautiful_day_in_the_neighborhood
12,A Cat in Paris,2010,a_cat_in_paris,https://www.rottentomatoes.com/m/a_cat_in_paris
13,A Concerto Is a Conversation,2021,a_concerto_is_a_conversation,https://www.rottentomatoes.com/m/a_concerto_is_a_conversation
14,A Fantastic Woman,2017,a_fantastic_woman,https://www.rottentomatoes.com/m/a_fantastic_woman
15,A Girl in the River: The Price of Forgiveness,2015,a_girl_in_the_river_the_price_of_forgiveness,https://www.rottentomatoes.com/m/a_girl_in_the_river_the_price_of_forgiveness
16,A House Made of Splinters,2022,a_house_made_of_splinters,https://www.rottentomatoes.com/m/a_house_made_of_splinters
17,A Love Song for Latasha,2019,a_love_song_for_latasha,https://www.rottentomatoes.com/m/a_love_song_for_latasha
18,A Man Called Ove,2015,a_man_called_ove,https://www.rottentomatoes.com/m/a_man_called_ove
19,How They Donut: A Matter of Loaf and Death,2009,wallace_and_gromit_a_matter_of_loaf_and_death_pands,https://www.rottentomatoes.com/m/wallace_and_gromit_a_matter_of_loaf_and_death_pands
20,A Morning Stroll,2011,a_morning_stroll,https://www.rottentomatoes.com/m/a_morning_stroll
21,A Night at the Garden,2017,a_night_at_the_garden,https://www.rottentomatoes.com/m/a_night_at_the_garden
22,A Prophet,2009,a_prophet,https://www.rottentomatoes.com/m/a_prophet
23,A Quiet Place,2018,a_quiet_place,https://www.rottentomatoes.com/m/a_quiet_place
24,A Royal Affair,2012,a_royal_affair,https://www.rottentomatoes.com/m/a_royal_affair
25,A Separation,2011,a_separation,https://www.rottentomatoes.com/m/a_separation_2011
26,A Serious Man,2009,a_serious_man,https://www.rottentomatoes.com/m/a_serious_man
27,A Shaun the Sheep Movie: Farmageddon,2019,a_shaun_the_sheep_movie_farmageddon,https://www.rottentomatoes.com/m/a_shaun_the_sheep_movie_farmageddon
28,A Single Life,2014,a_single_life,https://www.rottentomatoes.com/m/a_single_life_2014
29,A Single Man,2009,1218217-single_man,https://www.rottentomatoes.com/m/1218217-single_man
30,A Sister,2018,a_sister,https://www.rottentomatoes.com/m/a_sister
31,A Star Is Born,2018,a_star_is_born,https://www.rottentomatoes.com/m/a_star_is_born
32,A War,2015,a_war,https://www.rottentomatoes.com/m/a_war
33,Abacus: Small Enough to Jail,2016,abacus_small_enough_to_jail,https://www.rottentomatoes.com/m/abacus_small_enough_to_jail
34,Ad Astra,2019,ad_astra,https://www.rottentomatoes.com/m/ad_astra
35,Adam and Dog,2011,adam_and_dog,https://www.rottentomatoes.com/m/adam_and_dog
36,Affairs of the Art,2021,affairs_of_the_art,https://www.rottentomatoes.com/m/affairs_of_the_art
37,Aftersun,2022,aftersun,https://www.rottentomatoes.com/m/aftersun
38,Ajami,2009,ajami,https://www.rottentomatoes.com/m/ajami
39,Ala kachuu,2020,ala_kachuu_take_and_run,https://www.rottentomatoes.com/m/ala_kachuu_take_and_run
40,Albert Nobbs,2011,albert_nobbs,https://www.rottentomatoes.com/m/albert_nobbs
41,Alice in Wonderland,2010,1221547-alice_in_wonderland,https://www.rottentomatoes.com/m/1221547-alice_in_wonderland
42,All Is Lost,2013,all_is_lost,https://www.rottentomatoes.com/m/all_is_lost
43,All Quiet on the Western Front,2022,all_quiet_on_the_western_front,https://www.rottentomatoes.com/m/all_quiet_on_the_western_front_2022
44,All That Breathes,2022,all_that_breathes,https://www.rottentomatoes.com/m/all_that_breathes
45,All the Beauty and the Bloodshed,2022,all_the_beauty_and_the_bloodshed,https://www.rottentomatoes.com/m/all_the_beauty_and_the_bloodshed
46,All the Money in the World,2017,all_the_money_in_the_world,https://www.rottentomatoes.com/m/all_the_money_in_the_world
47,Allied,2016,allied,https://www.rottentomatoes.com/m/allied
48,American Factory,2019,american_factory,https://www.rottentomatoes.com/m/american_factory
49,American Fiction,2023,american_fiction,https://www.rottentomatoes.com/m/american_fiction
50,American Hustle,2013,american_hustle,https://www.rottentomatoes.com/m/american_hustle
51,American Sniper,2014,american_sniper,https://www.rottentomatoes.com/m/american_sniper
52,Amour,2012,amour,https://www.rottentomatoes.com/m/amour_2012
53,Amy,2015,amy,https://www.rottentomatoes.com/m/amy_2015
54,An Education,2009,an_education,https://www.rottentomatoes.com/m/an_education
55,An Irish Goodbye,2022,an_irish_goodbye,https://www.rottentomatoes.com/m/an_irish_goodbye
56,An Ostrich Told Me the World Is Fake and I Think I Believe It,2022,an_ostrich_told_me_the_world_is_fake_and_i_think_i_believe_it,https://www.rottentomatoes.com/m/an_ostrich_told_me_the_world_is_fake_and_i_think_i_believe_it
57,Anatomy of a Fall,2023,anatomy_of_a_fall,https://www.rottentomatoes.com/m/anatomy_of_a_fall
58,Animal Behaviour,2018,animal_behaviour,https://www.rottentomatoes.com/m/animal_behaviour
59,Animal Kingdom,2010,animal_kingdom,https://www.rottentomatoes.com/m/animal_kingdom
60,Anna Karenina,2012,anna_karenina,https://www.rottentomatoes.com/m/anna_karenina_2012
61,Anomalisa,2015,anomalisa,https://www.rottentomatoes.com/m/anomalisa
62,Anonymous,2011,anonymous,https://www.rottentomatoes.com/m/anonymous_2011
63,Another Round,2020,another_round,https://www.rottentomatoes.com/m/another_round
64,Another Year,2010,another_year,https://www.rottentomatoes.com/m/another_year
65,That Wasn't Me,2012,that_wasnt_me,https://www.rottentomatoes.com/m/that_wasnt_me
66,"Argentina, 1985",2022,argentina_1985,https://www.rottentomatoes.com/m/argentina_1985
67,Argo,2012,argo,https://www.rottentomatoes.com/m/argo_2012
68,Arrival,2016,arrival,https://www.rottentomatoes.com/m/arrival_2016
69,Asad,2012,asad,https://www.rottentomatoes.com/m/asad
70,Ascension,2021,ascension,https://www.rottentomatoes.com/m/ascension_2021
71,At Eternity's Gate,2018,at_eternitys_gate,https://www.rottentomatoes.com/m/at_eternitys_gate
72,Attica,2021,attica,https://www.rottentomatoes.com/m/attica_2021
73,Audible,2021,audible,https://www.rottentomatoes.com/m/audible
74,Auf der Strecke,2007,auf_der_strecke,https://www.rottentomatoes.com/m/auf_der_strecke_2007
75,August: Osage County,2013,august_osage_county,https://www.rottentomatoes.com/m/august_osage_county
76,Australia,2008,australia,https://www.rottentomatoes.com/m/australia
77,Just Before Losing Everything,2013,just_before_losing_everything,https://www.rottentomatoes.com/m/just_before_losing_everything
78,Avatar,2009,avatar,https://www.rottentomatoes.com/m/avatar
79,Avatar: The Way of Water,2022,avatar_the_way_of_water,https://www.rottentomatoes.com/m/avatar_the_way_of_water
80,Ave Maria,2015,771428498,https://www.rottentomatoes.com/m/771428498
81,Avengers: Endgame,2019,avengers_endgame,https://www.rottentomatoes.com/m/avengers_endgame
82,Avengers: Infinity War,2018,avengers_infinity_war,https://www.rottentomatoes.com/m/avengers_infinity_war
83,Aya,2012,aya,https://www.rottentomatoes.com/m/aya_2012
84,Baby Driver,2017,baby_driver,https://www.rottentomatoes.com/m/baby_driver
85,Babylon,2022,babylon,https://www.rottentomatoes.com/m/babylon_2022
86,Bao,2018,bao,https://www.rottentomatoes.com/m/bao
87,Barbie,2023,barbie,https://www.rottentomatoes.com/m/barbie
88,Bardo: False Chronicle of a Handful of Truths,2022,bardo_false_chronicle_of_a_handful_of_truths,https://www.rottentomatoes.com/m/bardo_false_chronicle_of_a_handful_of_truths
89,Barney's Version,2010,barneys_version,https://www.rottentomatoes.com/m/barneys_version
90,Bear Story,2014,bear_story,https://www.rottentomatoes.com/m/bear_story
91,Beasts of the Southern Wild,2012,beasts_of_the_southern_wild,https://www.rottentomatoes.com/m/beasts_of_the_southern_wild
92,Beauty and the Beast,2017,beauty_and_the_beast,https://www.rottentomatoes.com/m/beauty_and_the_beast_2017
93,Before Midnight,2013,before_midnight,https://www.rottentomatoes.com/m/before_midnight_2013
94,Beginners,2010,beginners,https://www.rottentomatoes.com/m/beginners
95,Being the Ricardos,2021,being_the_ricardos,https://www.rottentomatoes.com/m/being_the_ricardos
96,Belfast,2021,belfast,https://www.rottentomatoes.com/m/belfast
97,Beast,2021,beast,https://www.rottentomatoes.com/m/beast_2021
98,Better Days,2019,better_days,https://www.rottentomatoes.com/m/better_days
99,Big Hero 6,2014,big_hero_6,https://www.rottentomatoes.com/m/big_hero_6
100,Birdman or (The Unexpected Virtue of Ignorance),2014,birdman,https://www.rottentomatoes.com/m/birdman_2014
101,Biutiful,2010,biutiful,https://www.rottentomatoes.com/m/biutiful
102,Black Panther,2018,black_panther,https://www.rottentomatoes.com/m/black_panther_2018
103,Black Panther: Wakanda Forever,2022,black_panther_wakanda_forever,https://www.rottentomatoes.com/m/black_panther_wakanda_forever
104,Black Sheep,2018,black_sheep,https://www.rottentomatoes.com/m/black_sheep_2018
105,Black Swan,2010,black_swan,https://www.rottentomatoes.com/m/black_swan_2010
106,BlacKkKlansman,2018,blackkklansman,https://www.rottentomatoes.com/m/blackkklansman
107,Blade Runner 2049,2017,blade_runner_2049,https://www.rottentomatoes.com/m/blade_runner_2049
108,Blind Vaysha,2016,blind_vaysha,https://www.rottentomatoes.com/m/blind_vaysha
109,Blonde,2022,blonde,https://www.rottentomatoes.com/m/blonde
110,Blue Jasmine,2013,blue_jasmine,https://www.rottentomatoes.com/m/blue_jasmine
111,Blue Valentine,2010,blue_valentine,https://www.rottentomatoes.com/m/blue_valentine
112,Bobi Wine: The People's President,2022,bobi_wine_the_peoples_president,https://www.rottentomatoes.com/m/bobi_wine_the_peoples_president
113,Body Team 12,2015,body_team_12,https://www.rottentomatoes.com/m/body_team_12
114,Bohemian Rhapsody,2018,bohemian_rhapsody,https://www.rottentomatoes.com/m/bohemian_rhapsody
115,Bolt,2008,bolt,https://www.rottentomatoes.com/m/bolt
116,Bombshell,2019,bombshell,https://www.rottentomatoes.com/m/bombshell_2019
117,Boogaloo and Graham,2014,boogaloo_and_graham,https://www.rottentomatoes.com/m/boogaloo_and_graham
118,Borat Subsequent Moviefilm,2020,borat_subsequent_moviefilm,https://www.rottentomatoes.com/m/borat_subsequent_moviefilm
119,Border,2018,border,https://www.rottentomatoes.com/m/border_2018
120,Borrowed Time,2015,borrowed_time,https://www.rottentomatoes.com/m/borrowed_time_2015
121,Boxballet,2021,boxballet,https://www.rottentomatoes.com/m/boxballet
122,The Boy and the World,2013,the_boy_and_the_world,https://www.rottentomatoes.com/m/the_boy_and_the_world
123,Boyhood,2014,boyhood,https://www.rottentomatoes.com/m/boyhood
124,Brave,2012,brave,https://www.rottentomatoes.com/m/brave
125,Bridesmaids,2011,bridesmaids,https://www.rottentomatoes.com/m/bridesmaids_2011
126,Bridge of Spies,2015,bridge_of_spies,https://www.rottentomatoes.com/m/bridge_of_spies
127,Bright Star,2009,bright_star,https://www.rottentomatoes.com/m/bright_star
128,Brooklyn,2015,brooklyn,https://www.rottentomatoes.com/m/brooklyn
129,Brotherhood,2018,brotherhood,https://www.rottentomatoes.com/m/brotherhood_2018
130,Bullhead,2011,bullhead,https://www.rottentomatoes.com/m/bullhead
131,Burma VJ: Reporting from a Closed Country,2008,burma-vj,https://www.rottentomatoes.com/m/burma-vj
132,Burrow,2020,burrow,https://www.rottentomatoes.com/m/burrow_2020
133,Butter Lamp,2013,butter_lamp,https://www.rottentomatoes.com/m/butter_lamp
134,Buzkashi Boys,2012,buzkashi_boys,https://www.rottentomatoes.com/m/buzkashi_boys
135,Call Me by Your Name,2017,call_me_by_your_name,https://www.rottentomatoes.com/m/call_me_by_your_name
136,Can You Ever Forgive Me?,2018,can_you_ever_forgive_me,https://www.rottentomatoes.com/m/can_you_ever_forgive_me
137,Capernaum,2018,capernaum,https://www.rottentomatoes.com/m/capernaum
138,Captain America: The Winter Soldier,2014,captain_america_the_winter_soldier,https://www.rottentomatoes.com/m/captain_america_the_winter_soldier
139,Captain Fantastic,2016,captain_fantastic,https://www.rottentomatoes.com/m/captain_fantastic
140,Captain Phillips,2013,captain_phillips,https://www.rottentomatoes.com/m/captain_phillips
141,Carol,2015,carol,https://www.rottentomatoes.com/m/carol
142,Cartel Land,2015,cartel_land,https://www.rottentomatoes.com/m/cartel_land
143,Causeway,2022,causeway,https://www.rottentomatoes.com/m/causeway
144,Cavedigger,2013,cavedigger,https://www.rottentomatoes.com/m/cavedigger
145,Changeling,2008,1191742_changeling,https://www.rottentomatoes.com/m/1191742_changeling
146,"Chau, Beyond the Lines",2015,chau_beyond_the_lines,https://www.rottentomatoes.com/m/chau_beyond_the_lines
147,Chico & Rita,2010,chico_and_rita,https://www.rottentomatoes.com/m/chico_and_rita
148,China's Unnatural Disaster: The Tears of Sichuan Province,2009,chinas-unnatural-disaster-the-tears-of-sichuan-province,https://www.rottentomatoes.com/m/chinas-unnatural-disaster-the-tears-of-sichuan-province
149,Christopher Robin,2018,christopher_robin,https://www.rottentomatoes.com/m/christopher_robin
150,Cinderella,2015,cinderella,https://www.rottentomatoes.com/m/cinderella_2015
151,Citizenfour,2014,citizenfour,https://www.rottentomatoes.com/m/citizenfour
152,Claude Lanzmann: Spectres of the Shoah,2015,claude_lanzmann_spectres_of_the_shoah,https://www.rottentomatoes.com/m/claude_lanzmann_spectres_of_the_shoah
153,Close,2022,close,https://www.rottentomatoes.com/m/close_2022
154,Coco,2017,coco,https://www.rottentomatoes.com/m/coco_2017
155,Coco Before Chanel,2009,coco_before_chanel,https://www.rottentomatoes.com/m/coco_before_chanel
156,CODA,2021,coda,https://www.rottentomatoes.com/m/coda_2021
157,Cold War,2018,cold_war,https://www.rottentomatoes.com/m/cold_war_2018
158,Colette,2020,colette,https://www.rottentomatoes.com/m/colette_2020
159,Collective,2019,collective,https://www.rottentomatoes.com/m/collective_2019
160,Coming 2 America,2021,coming_2_america,https://www.rottentomatoes.com/m/coming_2_america
161,Coraline,2009,coraline,https://www.rottentomatoes.com/m/coraline
162,Corpus Christi,2019,corpus_christi,https://www.rottentomatoes.com/m/corpus_christi_2019
163,Crazy Heart,2009,crazy_heart,https://www.rottentomatoes.com/m/crazy_heart
164,Creed,2015,creed,https://www.rottentomatoes.com/m/creed
165,Crip Camp,2020,crip_camp,https://www.rottentomatoes.com/m/crip_camp
166,Crisis Hotline: Veterans Press 1,2013,crisis_hotline_veterans_press_1,https://www.rottentomatoes.com/m/crisis_hotline_veterans_press_1
167,Cruella,2021,cruella,https://www.rottentomatoes.com/m/cruella
168,Curfew,2012,curfew,https://www.rottentomatoes.com/m/curfew_2012
169,Cutie and the Boxer,2013,cutie_and_the_boxer,https://www.rottentomatoes.com/m/cutie_and_the_boxer
170,Cyrano,2021,cyrano,https://www.rottentomatoes.com/m/cyrano
171,Da 5 Bloods,2020,da_5_bloods,https://www.rottentomatoes.com/m/da_5_bloods
172,Dallas Buyers Club,2013,dallas_buyers_club,https://www.rottentomatoes.com/m/dallas_buyers_club
173,Darkest Hour,2017,darkest_hour,https://www.rottentomatoes.com/m/darkest_hour_2017
174,Dawn of the Planet of the Apes,2014,dawn_of_the_planet_of_the_apes,https://www.rottentomatoes.com/m/dawn_of_the_planet_of_the_apes
175,Day & Night,2010,day_and_night,https://www.rottentomatoes.com/m/day_and_night_2010
176,Day One,2015,day_one,https://www.rottentomatoes.com/m/day_one_2015
177,Daughter,2019,daughter,https://www.rottentomatoes.com/m/daughter
178,Dear Basketball,2017,dear_basketball,https://www.rottentomatoes.com/m/dear_basketball
179,Death of a Shadow,2012,death_of_a_shadow,https://www.rottentomatoes.com/m/death_of_a_shadow
180,Deepwater Horizon,2016,deepwater_horizon,https://www.rottentomatoes.com/m/deepwater_horizon
181,Defiance,2008,defiance,https://www.rottentomatoes.com/m/defiance_2008
182,DeKalb Elementary,2017,dekalb_elementary,https://www.rottentomatoes.com/m/dekalb_elementary
183,A Better Life,2011,a_better_life,https://www.rottentomatoes.com/m/a_better_life
184,Departures,2008,10010675-departures,https://www.rottentomatoes.com/m/10010675-departures
185,Despicable Me 2,2013,despicable_me_2,https://www.rottentomatoes.com/m/despicable_me_2
186,Detainment,2018,detainment,https://www.rottentomatoes.com/m/detainment
187,Sunday,2011,sunday,https://www.rottentomatoes.com/m/sunday_2011
188,Dirty Wars,2013,dirty_wars,https://www.rottentomatoes.com/m/dirty_wars
189,District 9,2009,district_9,https://www.rottentomatoes.com/m/district_9
190,Django Unchained,2012,django_unchained,https://www.rottentomatoes.com/m/django_unchained
191,Do Not Split,2020,do_not_split,https://www.rottentomatoes.com/m/do_not_split
192,Doctor Strange,2016,doctor_strange,https://www.rottentomatoes.com/m/doctor_strange_2016
193,Dogtooth,2009,dogtooth,https://www.rottentomatoes.com/m/dogtooth
194,Don't Look Up,2021,dont_look_up,https://www.rottentomatoes.com/m/dont_look_up_2021
195,Doubt,2008,doubt,https://www.rottentomatoes.com/m/doubt
196,Drive,2011,drive,https://www.rottentomatoes.com/m/drive_2011
197,Drive My Car,2021,drive_my_car,https://www.rottentomatoes.com/m/drive_my_car
198,Dune,2021,dune,https://www.rottentomatoes.com/m/dune_2021
199,Dunkirk,2017,dunkirk,https://www.rottentomatoes.com/m/dunkirk_2017
200,Edith+Eddie,2017,editheddie,https://www.rottentomatoes.com/m/editheddie
201,El Conde,2023,el_conde,https://www.rottentomatoes.com/m/el_conde
202,Elemental,2023,elemental,https://www.rottentomatoes.com/m/elemental_2023
203,Elle,2016,elle,https://www.rottentomatoes.com/m/elle_2016
204,Elvis,2022,elvis,https://www.rottentomatoes.com/m/elvis
205,Embrace of the Serpent,2015,embrace_of_the_serpent,https://www.rottentomatoes.com/m/embrace_of_the_serpent
206,Emma.,2020,emma,https://www.rottentomatoes.com/m/emma_2020
207,Empire of Light,2022,empire_of_light,https://www.rottentomatoes.com/m/empire_of_light
208,Encanto,2021,encanto,https://www.rottentomatoes.com/m/encanto_2021
209,Encounters at the End of the World,2007,1194818-encounters_at_the_end_of_the_world,https://www.rottentomatoes.com/m/1194818-encounters_at_the_end_of_the_world
210,End Game,2018,end_game,https://www.rottentomatoes.com/m/end_game_2018
211,Enemies Within,2016,enemies_within,https://www.rottentomatoes.com/m/enemies_within
212,EO,2022,eo,https://www.rottentomatoes.com/m/eo
213,Ernest & Celestine,2012,ernest_and_celestine,https://www.rottentomatoes.com/m/ernest_and_celestine
214,Everything Everywhere All at Once,2022,everything_everywhere_all_at_once,https://www.rottentomatoes.com/m/everything_everywhere_all_at_once
215,Everything Will Be Okay,2015,grill_gut_alles_gut,https://www.rottentomatoes.com/m/grill_gut_alles_gut
216,Ex Machina,2014,ex_machina,https://www.rottentomatoes.com/m/ex_machina
217,Exit Through the Gift Shop,2010,exit_through_the_gift_shop,https://www.rottentomatoes.com/m/exit_through_the_gift_shop
218,Extremely Loud & Incredibly Close,2011,extremely_loud_and_incredibly_close,https://www.rottentomatoes.com/m/extremely_loud_and_incredibly_close
219,Extremis,2016,extremis,https://www.rottentomatoes.com/m/extremis
220,Faces Places,2017,faces_places,https://www.rottentomatoes.com/m/faces_places
221,Facing Fear,2013,facing_fear,https://www.rottentomatoes.com/m/facing_fear_2013
222,Fantastic Beasts and Where to Find Them,2016,fantastic_beasts_and_where_to_find_them,https://www.rottentomatoes.com/m/fantastic_beasts_and_where_to_find_them
223,Fantastic Mr. Fox,2009,1197696-fantastic_mr_fox,https://www.rottentomatoes.com/m/1197696-fantastic_mr_fox
224,Fauve,2018,fauve,https://www.rottentomatoes.com/m/fauve
225,Feast,2014,feast,https://www.rottentomatoes.com/m/feast_2014
226,Feeling Through,2019,feeling_through,https://www.rottentomatoes.com/m/feeling_through
227,Fences,2016,fences,https://www.rottentomatoes.com/m/fences_2016
228,Feral,2012,feral,https://www.rottentomatoes.com/m/feral_2012
229,Ferdinand,2017,ferdinand,https://www.rottentomatoes.com/m/ferdinand
230,Finding Vivian Maier,2013,finding_vivian_maier,https://www.rottentomatoes.com/m/finding_vivian_maier
231,Fire at Sea,2016,fire_at_sea,https://www.rottentomatoes.com/m/fire_at_sea_2016
232,Fire of Love,2022,fire_of_love,https://www.rottentomatoes.com/m/fire_of_love
233,First Man,2018,first_man,https://www.rottentomatoes.com/m/first_man
234,First Reformed,2017,first_reformed,https://www.rottentomatoes.com/m/first_reformed
235,Flee,2021,flee,https://www.rottentomatoes.com/m/flee
236,Flight,2012,flight,https://www.rottentomatoes.com/m/flight_2012
237,Florence Foster Jenkins,2016,florence_foster_jenkins,https://www.rottentomatoes.com/m/florence_foster_jenkins_2016
238,"Food, Inc.",2008,food_inc,https://www.rottentomatoes.com/m/food_inc
239,Footnote,2011,footnote,https://www.rottentomatoes.com/m/footnote
240,For Sama,2019,for_sama,https://www.rottentomatoes.com/m/for_sama
241,Ford v Ferrari,2019,ford_v_ferrari,https://www.rottentomatoes.com/m/ford_v_ferrari
242,Four Daughters,2023,four_daughters,https://www.rottentomatoes.com/m/four_daughters_2023
243,Foxcatcher,2014,foxcatcher,https://www.rottentomatoes.com/m/foxcatcher
244,Frankenweenie,2012,frankenweenie,https://www.rottentomatoes.com/m/frankenweenie_2012
245,Free Guy,2021,free_guy,https://www.rottentomatoes.com/m/free_guy
246,Free Solo,2018,free_solo,https://www.rottentomatoes.com/m/free_solo
247,French Roast,2009,french_roast,https://www.rottentomatoes.com/m/french_roast
248,Fresh Guacamole,2012,fresh_guacamole,https://www.rottentomatoes.com/m/fresh_guacamole
249,Frost/Nixon,2008,frostnixon,https://www.rottentomatoes.com/m/frostnixon
250,Frozen,2013,frozen,https://www.rottentomatoes.com/m/frozen_2013
251,Frozen River,2008,frozen_river,https://www.rottentomatoes.com/m/frozen_river
252,Garden Party,2017,garden_party,https://www.rottentomatoes.com/m/garden_party_2017
253,GasLand,2010,gasland,https://www.rottentomatoes.com/m/gasland
254,Genius Loci,2020,genius_loci,https://www.rottentomatoes.com/m/genius_loci_2020
255,Get a Horse!,2013,get_a_horse,https://www.rottentomatoes.com/m/get_a_horse
256,Get Out,2017,get_out,https://www.rottentomatoes.com/m/get_out
257,Glass Onion,2022,glass_onion_a_knives_out_mystery,https://www.rottentomatoes.com/m/glass_onion_a_knives_out_mystery
258,God Is the Bigger Elvis,2012,god_is_the_bigger_elvis,https://www.rottentomatoes.com/m/god_is_the_bigger_elvis_2012
259,God of Love,2010,god_of_love,https://www.rottentomatoes.com/m/god_of_love
260,Godzilla Minus One,2023,godzilla_minus_one,https://www.rottentomatoes.com/m/godzilla_minus_one
261,Golda,2023,golda_2022,https://www.rottentomatoes.com/m/golda_2022
262,Gone Girl,2014,gone_girl,https://www.rottentomatoes.com/m/gone_girl
263,Granny O'Grimm's Sleeping Beauty,2009,granny_ogrimms_sleeping_beauty,https://www.rottentomatoes.com/m/granny_ogrimms_sleeping_beauty
264,Gravity,2013,gravity,https://www.rottentomatoes.com/m/gravity_2013
265,Green Book,2018,green_book,https://www.rottentomatoes.com/m/green_book
266,Greyhound,2020,greyhound,https://www.rottentomatoes.com/m/greyhound
267,Guardians of the Galaxy,2014,guardians_of_the_galaxy,https://www.rottentomatoes.com/m/guardians_of_the_galaxy
268,Guardians of the Galaxy Vol. 2,2017,guardians_of_the_galaxy_vol_2,https://www.rottentomatoes.com/m/guardians_of_the_galaxy_vol_2
269,Guardians of the Galaxy Vol. 3,2023,guardians_of_the_galaxy_vol_3,https://www.rottentomatoes.com/m/guardians_of_the_galaxy_vol_3
270,Guillermo del Toro's Pinocchio,2022,guillermo_del_toros_pinocchio,https://www.rottentomatoes.com/m/guillermo_del_toros_pinocchio
271,Hacksaw Ridge,2016,hacksaw_ridge,https://www.rottentomatoes.com/m/hacksaw_ridge
272,"Hail, Caesar!",2016,hail_caesar,https://www.rottentomatoes.com/m/hail_caesar_2016
273,Hair Love,2019,hair_love,https://www.rottentomatoes.com/m/hair_love
274,"Hale County This Morning, This Evening",2018,hale_county_this_morning_this_evening,https://www.rottentomatoes.com/m/hale_county_this_morning_this_evening
275,Happy-Go-Lucky,2008,1195103-happy_go_lucky,https://www.rottentomatoes.com/m/1195103-happy_go_lucky
276,Harriet,2019,harriet,https://www.rottentomatoes.com/m/harriet
277,Harry Potter and the Deathly Hallows: Part 1,2010,harry_potter_and_the_deathly_hallows_part_1,https://www.rottentomatoes.com/m/harry_potter_and_the_deathly_hallows_part_1
278,Harry Potter and the Deathly Hallows: Part 2,2011,harry_potter_and_the_deathly_hallows_part_2,https://www.rottentomatoes.com/m/harry_potter_and_the_deathly_hallows_part_2
279,Harry Potter and the Half-Blood Prince,2009,harry_potter_and_the_half_blood_prince,https://www.rottentomatoes.com/m/harry_potter_and_the_half_blood_prince
280,Haulout,2022,haulout,https://www.rottentomatoes.com/m/haulout
281,Head Over Heels,2012,head_over_heels,https://www.rottentomatoes.com/m/head_over_heels_2012
282,Heaven is a Traffic Jam on the 405,2016,heaven_is_a_traffic_jam_on_the_405,https://www.rottentomatoes.com/m/heaven_is_a_traffic_jam_on_the_405
283,Helium,2013,helium,https://www.rottentomatoes.com/m/helium
284,Hell and Back Again,2011,hell_and_back_again,https://www.rottentomatoes.com/m/hell_and_back_again
285,Hell or High Water,2016,hell_or_high_water,https://www.rottentomatoes.com/m/hell_or_high_water
286,Hellboy II: The Golden Army,2008,hellboy_2_the_golden_army,https://www.rottentomatoes.com/m/hellboy_2_the_golden_army
287,Henry,2011,henry,https://www.rottentomatoes.com/m/henry
288,Her,2013,her,https://www.rottentomatoes.com/m/her
289,Hereafter,2010,hereafter,https://www.rottentomatoes.com/m/hereafter
290,Heroin(e),2017,heroin,https://www.rottentomatoes.com/m/heroin
291,Hidden Figures,2016,hidden_figures,https://www.rottentomatoes.com/m/hidden_figures
292,Hillbilly Elegy,2020,hillbilly_elegy,https://www.rottentomatoes.com/m/hillbilly_elegy
293,Hitchcock,2012,hitchcock,https://www.rottentomatoes.com/m/hitchcock
294,Honeyland,2019,honeyland,https://www.rottentomatoes.com/m/honeyland
295,House of Gucci,2021,house_of_gucci,https://www.rottentomatoes.com/m/house_of_gucci
296,How Do You Measure a Year?,2021,how_do_you_measure_a_year,https://www.rottentomatoes.com/m/how_do_you_measure_a_year
297,How to Survive a Plague,2012,how_to_survive_a_plague,https://www.rottentomatoes.com/m/how_to_survive_a_plague
298,How to Train Your Dragon,2010,how_to_train_your_dragon,https://www.rottentomatoes.com/m/how_to_train_your_dragon
299,How to Train Your Dragon 2,2014,how_to_train_your_dragon_2,https://www.rottentomatoes.com/m/how_to_train_your_dragon_2
300,How to Train Your Dragon: The Hidden World,2019,how_to_train_your_dragon_the_hidden_world,https://www.rottentomatoes.com/m/how_to_train_your_dragon_the_hidden_world
301,Hugo,2011,hugo,https://www.rottentomatoes.com/m/hugo
302,Hunger Ward,2020,hunger_ward,https://www.rottentomatoes.com/m/hunger_ward
303,I Am Love,2009,i_am_love,https://www.rottentomatoes.com/m/i_am_love
304,I Am Not Your Negro,2016,i_am_not_your_negro,https://www.rottentomatoes.com/m/i_am_not_your_negro
305,I Lost My Body,2019,i_lost_my_body,https://www.rottentomatoes.com/m/i_lost_my_body
306,"I, Tonya",2017,i_tonya,https://www.rottentomatoes.com/m/i_tonya
307,Icarus,2017,icarus,https://www.rottentomatoes.com/m/icarus_2017
308,Ice Merchants,2022,ice_merchants,https://www.rottentomatoes.com/m/ice_merchants
309,Ida,2013,ida,https://www.rottentomatoes.com/m/ida_2013
310,If a Tree Falls: A Story of the Earth Liberation Front,2011,if_a_tree_falls_a_story_of_the_earth_liberation_front,https://www.rottentomatoes.com/m/if_a_tree_falls_a_story_of_the_earth_liberation_front
311,If Anything Happens I Love You,2020,if_anything_happens_i_love_you,https://www.rottentomatoes.com/m/if_anything_happens_i_love_you
312,If Beale Street Could Talk,2018,if_beale_street_could_talk,https://www.rottentomatoes.com/m/if_beale_street_could_talk
313,Il Divo,2008,il_divo,https://www.rottentomatoes.com/m/il_divo
314,In a Better World,2010,in_a_better_world,https://www.rottentomatoes.com/m/in_a_better_world
315,In Bruges,2008,in_bruges,https://www.rottentomatoes.com/m/in_bruges
316,In Darkness,2011,in_darkness,https://www.rottentomatoes.com/m/in_darkness_2011
317,Bujaeui gieok,2018,bujaeui_gieok,https://www.rottentomatoes.com/m/bujaeui_gieok_2018
318,In the Loop,2009,in_the_loop,https://www.rottentomatoes.com/m/in_the_loop
319,Incendies,2010,incendies,https://www.rottentomatoes.com/m/incendies
320,Inception,2010,inception,https://www.rottentomatoes.com/m/inception
321,Incident in New Baghdad,2011,incident_in_new_baghdad,https://www.rottentomatoes.com/m/incident_in_new_baghdad
322,Incredibles 2,2018,incredibles_2,https://www.rottentomatoes.com/m/incredibles_2
323,Indiana Jones and the Dial of Destiny,2023,indiana_jones_and_the_dial_of_destiny,https://www.rottentomatoes.com/m/indiana_jones_and_the_dial_of_destiny
324,Inglourious Basterds,2009,inglourious_basterds,https://www.rottentomatoes.com/m/inglourious_basterds
325,Inherent Vice,2014,inherent_vice,https://www.rottentomatoes.com/m/inherent_vice
326,Inocente,2012,inocente,https://www.rottentomatoes.com/m/inocente
327,Inside Job,2010,inside_job,https://www.rottentomatoes.com/m/inside_job
328,Inside Llewyn Davis,2013,inside_llewyn_davis,https://www.rottentomatoes.com/m/inside_llewyn_davis
329,Inside Out,2015,inside_out,https://www.rottentomatoes.com/m/inside_out_2015
330,Instead of Abracadabra,2008,instead_of_abracadabra,https://www.rottentomatoes.com/m/instead_of_abracadabra
331,Interstellar,2014,interstellar,https://www.rottentomatoes.com/m/interstellar
332,Into the Woods,2014,into_the_woods,https://www.rottentomatoes.com/m/into_the_woods_2014
333,Invictus,2009,invictus,https://www.rottentomatoes.com/m/invictus
334,Invincible,2022,invincible,https://www.rottentomatoes.com/m/invincible_2022
335,Io Capitano,2023,io_capitano,https://www.rottentomatoes.com/m/io_capitano
336,Iron Man,2008,iron_man,https://www.rottentomatoes.com/m/iron_man
337,Iron Man 2,2010,iron_man_2,https://www.rottentomatoes.com/m/iron_man_2
338,Iron Man 3,2013,iron_man_3,https://www.rottentomatoes.com/m/iron_man_3
339,Island in Between,2023,island_in_between,https://www.rottentomatoes.com/m/island_in_between
340,Isle of Dogs,2018,isle_of_dogs,https://www.rottentomatoes.com/m/isle_of_dogs_2018
341,Ivalu,2023,ivalu,https://www.rottentomatoes.com/m/ivalu
342,Jackass Presents: Bad Grandpa,2013,jackass_presents_bad_grandpa,https://www.rottentomatoes.com/m/jackass_presents_bad_grandpa
343,Jackie,2016,jackie,https://www.rottentomatoes.com/m/jackie_2016
344,Jane Eyre,2011,jane_eyre,https://www.rottentomatoes.com/m/jane_eyre_2011
345,Joanna,2013,771467811,https://www.rottentomatoes.com/m/771467811
346,Joe's Violin,2016,joes_violin,https://www.rottentomatoes.com/m/joes_violin
347,Jojo Rabbit,2019,jojo_rabbit,https://www.rottentomatoes.com/m/jojo_rabbit
348,Joker,2019,joker,https://www.rottentomatoes.com/m/joker_2019
349,Joy,2015,joy,https://www.rottentomatoes.com/m/joy_2015
350,Judas and the Black Messiah,2021,judas_and_the_black_messiah,https://www.rottentomatoes.com/m/judas_and_the_black_messiah
351,Judy,2019,judy,https://www.rottentomatoes.com/m/judy_2019
352,Julie & Julia,2009,julie_and_julia,https://www.rottentomatoes.com/m/julie_and_julia
353,Karama Has No Walls,2012,karama_has_no_walls,https://www.rottentomatoes.com/m/karama_has_no_walls
354,Kavi,2009,kavi,https://www.rottentomatoes.com/m/kavi
355,Killers of the Flower Moon,2023,killers_of_the_flower_moon,https://www.rottentomatoes.com/m/killers_of_the_flower_moon
356,Killing in the Name,2010,killing_in_the_name,https://www.rottentomatoes.com/m/killing_in_the_name
357,King Richard,2021,king_richard,https://www.rottentomatoes.com/m/king_richard
358,Kings Point,2012,kings_point,https://www.rottentomatoes.com/m/kings_point
359,Kitbull,2019,kitbull,https://www.rottentomatoes.com/m/kitbull
360,Klaus,2019,klaus,https://www.rottentomatoes.com/m/klaus
361,Knife Skills,2017,knife_skills,https://www.rottentomatoes.com/m/knife_skills
362,Knight of Fortune,2022,knight_of_fortune,https://www.rottentomatoes.com/m/knight_of_fortune
363,Knives Out,2019,knives_out,https://www.rottentomatoes.com/m/knives_out
364,Kon-Tiki,2012,kon_tiki,https://www.rottentomatoes.com/m/kon_tiki_2012
365,Kong: Skull Island,2017,kong_skull_island,https://www.rottentomatoes.com/m/kong_skull_island
366,Kubo and the Two Strings,2016,kubo_and_the_two_strings,https://www.rottentomatoes.com/m/kubo_and_the_two_strings
367,Kung Fu Panda,2008,kung_fu_panda,https://www.rottentomatoes.com/m/kung_fu_panda
368,Kung Fu Panda 2,2011,kung_fu_panda_the_kaboom_of_doom,https://www.rottentomatoes.com/m/kung_fu_panda_the_kaboom_of_doom
369,La femme et le TGV,2016,la_femme_et_le_tgv,https://www.rottentomatoes.com/m/la_femme_et_le_tgv
370,La La Land,2016,la_la_land,https://www.rottentomatoes.com/m/la_la_land
371,La Luna,2011,la_luna,https://www.rottentomatoes.com/m/la_luna_2011
372,The House of Small Cubes,2008,la-maison-en-petits-cubes,https://www.rottentomatoes.com/m/la-maison-en-petits-cubes
373,Lady Bird,2017,lady_bird,https://www.rottentomatoes.com/m/lady_bird
374,Land of Mine,2015,land_of_mine,https://www.rottentomatoes.com/m/land_of_mine
375,Last Day of Freedom,2015,last_day_of_freedom,https://www.rottentomatoes.com/m/last_day_of_freedom
376,Last Days in Vietnam,2014,last_days_in_vietnam,https://www.rottentomatoes.com/m/last_days_in_vietnam
377,Last Men in Aleppo,2017,last_men_in_aleppo,https://www.rottentomatoes.com/m/last_men_in_aleppo
378,Late Afternoon,2017,late_afternoon,https://www.rottentomatoes.com/m/late_afternoon
379,Ubornaya istoriya - lyubovnaya istoriya,2007,ubornaya_istoriya_lyubovnaya_istoriya,https://www.rottentomatoes.com/m/ubornaya_istoriya_lyubovnaya_istoriya
380,Le pupille,2022,le_pupille,https://www.rottentomatoes.com/m/le_pupille
381,Lead Me Home,2021,lead_me_home,https://www.rottentomatoes.com/m/lead_me_home
382,Learning to Skateboard in a Warzone (If You're a Girl),2019,learning_to_skateboard_in_a_warzone,https://www.rottentomatoes.com/m/learning_to_skateboard_in_a_warzone
383,Les Misérables,2012,les_miserables,https://www.rottentomatoes.com/m/les_miserables_2012
384,Les Misérables,2012,les_miserables,https://www.rottentomatoes.com/m/les_miserables_2012
385,Les Misérables,2019,les_miserables,https://www.rottentomatoes.com/m/les_miserables_2019
386,Les Misérables,2019,les_miserables,https://www.rottentomatoes.com/m/les_miserables_2019
387,Let's Pollute,2010,lets_pollute,https://www.rottentomatoes.com/m/lets_pollute
388,Letter to a Pig,2022,letter_to_a_pig,https://www.rottentomatoes.com/m/letter_to_a_pig
389,Leviathan,2014,leviathan,https://www.rottentomatoes.com/m/leviathan_2014
390,Licorice Pizza,2021,licorice_pizza,https://www.rottentomatoes.com/m/licorice_pizza
391,Life of Pi,2012,life_of_pi,https://www.rottentomatoes.com/m/life_of_pi
392,Life Overtakes Me,2019,life_overtakes_me,https://www.rottentomatoes.com/m/life_overtakes_me
393,"Life, Animated",2016,life_animated,https://www.rottentomatoes.com/m/life_animated
394,Lifeboat,2018,lifeboat_2019,https://www.rottentomatoes.com/m/lifeboat_2019
395,Lincoln,2012,lincoln,https://www.rottentomatoes.com/m/lincoln_2012
396,Lion,2016,lion,https://www.rottentomatoes.com/m/lion_2016
397,Little Women,2019,little_women,https://www.rottentomatoes.com/m/little_women_2019
398,Living,2022,living,https://www.rottentomatoes.com/m/living_2022
399,Logan,2017,logan,https://www.rottentomatoes.com/m/logan_2017
400,Logorama,2009,logorama,https://www.rottentomatoes.com/m/logorama
401,Lone Survivor,2013,lone_survivor,https://www.rottentomatoes.com/m/lone_survivor
402,Lou,2017,lou,https://www.rottentomatoes.com/m/lou_2017
403,Love and Monsters,2020,love_and_monsters,https://www.rottentomatoes.com/m/love_and_monsters
404,Loveless,2017,loveless,https://www.rottentomatoes.com/m/loveless_2017
405,Loving,2016,loving,https://www.rottentomatoes.com/m/loving_2016
406,Loving Vincent,2017,loving_vincent,https://www.rottentomatoes.com/m/loving_vincent
407,Luca,2021,luca,https://www.rottentomatoes.com/m/luca_2021
408,Lunana: A Yak in the Classroom,2019,lunana_a_yak_in_the_classroom,https://www.rottentomatoes.com/m/lunana_a_yak_in_the_classroom
409,Ma Rainey's Black Bottom,2020,ma_raineys_black_bottom,https://www.rottentomatoes.com/m/ma_raineys_black_bottom
410,Mad Max: Fury Road,2015,mad_max_fury_road,https://www.rottentomatoes.com/m/mad_max_fury_road
411,"Madagascar, a Journey Diary",2010,madagascar_a_journey_diary,https://www.rottentomatoes.com/m/madagascar_a_journey_diary
412,Maestro,2023,maestro,https://www.rottentomatoes.com/m/maestro_2023
413,The Longest Daycare,2012,the_longest_daycare,https://www.rottentomatoes.com/m/the_longest_daycare
414,Maleficent,2014,maleficent,https://www.rottentomatoes.com/m/maleficent
415,Maleficent: Mistress of Evil,2019,maleficent_mistress_of_evil,https://www.rottentomatoes.com/m/maleficent_mistress_of_evil
416,Man on Wire,2008,man_on_wire,https://www.rottentomatoes.com/m/man_on_wire
417,Manchester by the Sea,2016,manchester_by_the_sea,https://www.rottentomatoes.com/m/manchester_by_the_sea
418,Mank,2020,mank,https://www.rottentomatoes.com/m/mank
419,Manon sur le bitume,2007,manon_sur_le_bitume,https://www.rottentomatoes.com/m/manon_sur_le_bitume_2007
420,Marcel the Shell with Shoes On,2021,marcel_the_shell_with_shoes_on,https://www.rottentomatoes.com/m/marcel_the_shell_with_shoes_on
421,Margin Call,2011,margin_call,https://www.rottentomatoes.com/m/margin_call
422,Marguerite,2019,marguerite,https://www.rottentomatoes.com/m/marguerite_2019
423,Marriage Story,2019,marriage_story,https://www.rottentomatoes.com/m/marriage_story_2019
424,The Avengers,2012,the_avengers,https://www.rottentomatoes.com/m/the_avengers_2012
425,Mary Poppins Returns,2018,mary_poppins_returns,https://www.rottentomatoes.com/m/mary_poppins_returns
426,Mary Queen of Scots,2018,mary_queen_of_scots,https://www.rottentomatoes.com/m/mary_queen_of_scots
427,May December,2023,may_december,https://www.rottentomatoes.com/m/may_december
428,Me and My Moulton,2014,me_and_my_moulton,https://www.rottentomatoes.com/m/me_and_my_moulton
429,Memorable,2019,memorable,https://www.rottentomatoes.com/m/memorable
430,Midnight in Paris,2011,midnight_in_paris,https://www.rottentomatoes.com/m/midnight_in_paris
431,Milk,2008,milk,https://www.rottentomatoes.com/m/milk
432,Minari,2020,minari,https://www.rottentomatoes.com/m/minari
433,Minding the Gap,2018,minding_the_gap,https://www.rottentomatoes.com/m/minding_the_gap
434,Miracle Fish,2009,miracle_fish,https://www.rottentomatoes.com/m/miracle_fish
435,Mirai,2018,mirai,https://www.rottentomatoes.com/m/mirai
436,Mirror Mirror,2012,mirror_mirror,https://www.rottentomatoes.com/m/mirror_mirror_2012
437,Missing Link,2019,missing_link,https://www.rottentomatoes.com/m/missing_link_2019
438,Mission: Impossible - Dead Reckoning Part One,2023,mission_impossible_dead_reckoning_part_one,https://www.rottentomatoes.com/m/mission_impossible_dead_reckoning_part_one
439,Moana,2016,moana,https://www.rottentomatoes.com/m/moana_2016
440,Molly's Game,2017,mollys_game,https://www.rottentomatoes.com/m/mollys_game
441,Mondays at Racine,2011,mondays_at_racine,https://www.rottentomatoes.com/m/mondays_at_racine
442,Moneyball,2011,moneyball,https://www.rottentomatoes.com/m/moneyball
443,Monsieur Lazhar,2011,monsieur_lazhar,https://www.rottentomatoes.com/m/monsieur_lazhar
444,Moonlight,2016,moonlight,https://www.rottentomatoes.com/m/moonlight_2016
445,Moonrise Kingdom,2012,moonrise_kingdom,https://www.rottentomatoes.com/m/moonrise_kingdom
446,Mother,2019,mother,https://www.rottentomatoes.com/m/mother_2019
447,Mr Hublot,2013,mr_hublot,https://www.rottentomatoes.com/m/mr_hublot
448,Mr. Turner,2014,mr_turner,https://www.rottentomatoes.com/m/mr_turner
449,Mrs. Harris Goes to Paris,2022,mrs_harris_goes_to_paris,https://www.rottentomatoes.com/m/mrs_harris_goes_to_paris
450,Mudbound,2017,mudbound,https://www.rottentomatoes.com/m/mudbound
451,Mulan,2020,mulan,https://www.rottentomatoes.com/m/mulan_2020
452,Music by Prudence,2010,music_by_prudence_2011,https://www.rottentomatoes.com/m/music_by_prudence_2011
453,Mustang,2015,mustang,https://www.rottentomatoes.com/m/mustang_2015
454,My Life as a Zucchini,2016,my_life_as_a_zucchini,https://www.rottentomatoes.com/m/my_life_as_a_zucchini
455,My Nephew Emmett,2017,my_nephew_emmett,https://www.rottentomatoes.com/m/my_nephew_emmett
456,My Octopus Teacher,2020,my_octopus_teacher,https://www.rottentomatoes.com/m/my_octopus_teacher
457,My Week with Marilyn,2011,my_week_with_marilyn,https://www.rottentomatoes.com/m/my_week_with_marilyn
458,My Year of Dicks,2022,my_year_of_dicks,https://www.rottentomatoes.com/m/my_year_of_dicks
459,Na Wewe,2010,na_wewe,https://www.rottentomatoes.com/m/na_wewe
460,Napoleon,2023,napoleon,https://www.rottentomatoes.com/m/napoleon_2023
461,Navalny,2022,navalny,https://www.rottentomatoes.com/m/navalny
462,Nebraska,2013,nebraska,https://www.rottentomatoes.com/m/nebraska
463,Nefta Football Club,2018,nefta_football_club,https://www.rottentomatoes.com/m/nefta_football_club
464,Negative Space,2017,negative_space,https://www.rottentomatoes.com/m/negative_space_2017
465,Never Look Away,2018,never_look_away,https://www.rottentomatoes.com/m/never_look_away
466,New Boy,2007,new_boy,https://www.rottentomatoes.com/m/new_boy
467,News of the World,2020,news_of_the_world,https://www.rottentomatoes.com/m/news_of_the_world
468,Nattrikken,2020,nattrikken,https://www.rottentomatoes.com/m/nattrikken_2020
469,Nightcrawler,2014,nightcrawler,https://www.rottentomatoes.com/m/nightcrawler
470,Nightmare Alley,2021,nightmare_alley,https://www.rottentomatoes.com/m/nightmare_alley_2021
471,Nimona,2023,nimona,https://www.rottentomatoes.com/m/nimona
472,Nine,2009,nine,https://www.rottentomatoes.com/m/nine_2009
473,Ninety-Five Senses,2023,ninety_five_senses,https://www.rottentomatoes.com/m/ninety_five_senses
474,No,2012,no,https://www.rottentomatoes.com/m/no_2012
475,No Time to Die,2021,no_time_to_die,https://www.rottentomatoes.com/m/no_time_to_die_2021
476,Nocturnal Animals,2016,nocturnal_animals,https://www.rottentomatoes.com/m/nocturnal_animals
477,Nomadland,2020,nomadland,https://www.rottentomatoes.com/m/nomadland
478,Nyad,2023,nyad,https://www.rottentomatoes.com/m/nyad
479,Nai Nai & Wài Pó,2023,nai_nai_and_wai_po,https://www.rottentomatoes.com/m/nai_nai_and_wai_po
480,O.J.: Made in America,2016,oj_made_in_america,https://www.rottentomatoes.com/m/oj_made_in_america
481,Of Fathers and Sons,2017,of_fathers_and_sons,https://www.rottentomatoes.com/m/of_fathers_and_sons
482,Oktapodi,2007,oktapodi,https://www.rottentomatoes.com/m/oktapodi
483,Omar,2013,omar,https://www.rottentomatoes.com/m/omar
484,On Body and Soul,2017,on_body_and_soul,https://www.rottentomatoes.com/m/on_body_and_soul
485,On My Mind,2021,on_my_mind,https://www.rottentomatoes.com/m/on_my_mind
486,Once Upon a Time... in Hollywood,2019,once_upon_a_time_in_hollywood,https://www.rottentomatoes.com/m/once_upon_a_time_in_hollywood
487,One Night in Miami...,2020,one_night_in_miami,https://www.rottentomatoes.com/m/one_night_in_miami
488,One Small Step,2018,one_small_step,https://www.rottentomatoes.com/m/one_small_step
489,Onward,2020,onward,https://www.rottentomatoes.com/m/onward
490,Open Heart,2012,open_heart,https://www.rottentomatoes.com/m/open_heart
491,Opera,2020,opera,https://www.rottentomatoes.com/m/opera_2020
492,Oppenheimer,2023,oppenheimer,https://www.rottentomatoes.com/m/oppenheimer_2023
493,Our Curse,2013,our_curse,https://www.rottentomatoes.com/m/our_curse
494,Our Uniform,2023,our_uniform,https://www.rottentomatoes.com/m/our_uniform
495,Outside the Law,2010,outside_the_law,https://www.rottentomatoes.com/m/outside_the_law_2010
496,Over the Moon,2020,over_the_moon,https://www.rottentomatoes.com/m/over_the_moon_2020
497,Pachyderme,2022,pachyderme,https://www.rottentomatoes.com/m/pachyderme
498,Pain and Glory,2019,pain_and_glory,https://www.rottentomatoes.com/m/pain_and_glory
499,Paperman,2012,paperman,https://www.rottentomatoes.com/m/paperman_2012
500,Paradise Lost 3: Purgatory,2011,paradise_lost_3_purgatory,https://www.rottentomatoes.com/m/paradise_lost_3_purgatory
501,Parallel Mothers,2021,parallel_mothers,https://www.rottentomatoes.com/m/parallel_mothers
502,ParaNorman,2012,paranorman,https://www.rottentomatoes.com/m/paranorman
503,Parasite,2019,parasite,https://www.rottentomatoes.com/m/parasite_2019
504,Parvaneh,2012,parvaneh,https://www.rottentomatoes.com/m/parvaneh
505,Passengers,2016,passengers,https://www.rottentomatoes.com/m/passengers_2016
506,Past Lives,2023,past_lives,https://www.rottentomatoes.com/m/past_lives
507,Pear Cider and Cigarettes,2016,pear_cider_and_cigarettes,https://www.rottentomatoes.com/m/pear_cider_and_cigarettes
508,Pearl,2016,pearl,https://www.rottentomatoes.com/m/pearl_2016
509,Pentecost,2011,pentecost,https://www.rottentomatoes.com/m/pentecost
510,Perfect Days,2023,perfect_days,https://www.rottentomatoes.com/m/perfect_days_2023
511,Period. End of Sentence.,2018,period_end_of_sentence,https://www.rottentomatoes.com/m/period_end_of_sentence
512,Phantom Thread,2017,phantom_thread,https://www.rottentomatoes.com/m/phantom_thread
513,Philomena,2013,philomena,https://www.rottentomatoes.com/m/philomena
514,Pieces of a Woman,2020,pieces_of_a_woman,https://www.rottentomatoes.com/m/pieces_of_a_woman
515,Pina,2011,pina,https://www.rottentomatoes.com/m/pina_2011
516,Pinocchio,2019,pinocchio,https://www.rottentomatoes.com/m/pinocchio_2019
517,Piper,2016,piper,https://www.rottentomatoes.com/m/piper_2016
518,Pitääkö mun kaikki hoitaa?,2012,pitaako_mun_kaikki_hoitaa,https://www.rottentomatoes.com/m/pitaako_mun_kaikki_hoitaa
519,Please Hold,2020,please_hold,https://www.rottentomatoes.com/m/please_hold
520,Poor Things,2023,poor_things,https://www.rottentomatoes.com/m/poor_things
521,Possessions,2012,possessions,https://www.rottentomatoes.com/m/possessions
522,Poster Girl,2010,poster_girl,https://www.rottentomatoes.com/m/poster_girl
523,Precious,2009,precious,https://www.rottentomatoes.com/m/precious
524,Presto,2008,presto,https://www.rottentomatoes.com/m/presto
525,Prison Terminal: The Last Days of Private Jack Hall,2013,prison_terminal_the_last_days_of_private_jack_hall,https://www.rottentomatoes.com/m/prison_terminal_the_last_days_of_private_jack_hall
526,Prisoners,2013,prisoners,https://www.rottentomatoes.com/m/prisoners_2013
527,Prologue,2015,prologue,https://www.rottentomatoes.com/m/prologue_2015
528,Prometheus,2012,prometheus,https://www.rottentomatoes.com/m/prometheus_2012
529,Promising Young Woman,2020,promising_young_woman,https://www.rottentomatoes.com/m/promising_young_woman
530,Puss in Boots,2011,puss_in_boots,https://www.rottentomatoes.com/m/puss_in_boots_2011
531,Puss in Boots: The Last Wish,2022,puss_in_boots_the_last_wish,https://www.rottentomatoes.com/m/puss_in_boots_the_last_wish
532,"Quo Vadis, Aida?",2020,quo_vadis_aida,https://www.rottentomatoes.com/m/quo_vadis_aida
533,Rabbit Hole,2010,rabbit_hole,https://www.rottentomatoes.com/m/rabbit_hole
534,Królik po berlinsku,2009,krolik_po_berlinsku,https://www.rottentomatoes.com/m/krolik_po_berlinsku
535,Rachel Getting Married,2008,rachel_getting_married,https://www.rottentomatoes.com/m/rachel_getting_married
536,Raju,2011,raju,https://www.rottentomatoes.com/m/raju
537,Ralph Breaks the Internet,2018,ralph_breaks_the_internet,https://www.rottentomatoes.com/m/ralph_breaks_the_internet
538,Rango,2011,rango,https://www.rottentomatoes.com/m/rango
539,Raya and the Last Dragon,2021,raya_and_the_last_dragon,https://www.rottentomatoes.com/m/raya_and_the_last_dragon
540,RBG,2018,rbg,https://www.rottentomatoes.com/m/rbg
541,Ready Player One,2018,ready_player_one,https://www.rottentomatoes.com/m/ready_player_one
542,Real Steel,2011,real_steel,https://www.rottentomatoes.com/m/real_steel
543,"Red, White and Blue",2023,red_white_and_blue,https://www.rottentomatoes.com/m/red_white_and_blue_2023
544,Redemption,2013,redemption,https://www.rottentomatoes.com/m/redemption_2013
545,Restrepo,2010,restrepo,https://www.rottentomatoes.com/m/restrepo
546,Revanche,2008,revanche,https://www.rottentomatoes.com/m/revanche
547,Revolting Rhymes,2016,revolting_rhymes,https://www.rottentomatoes.com/m/revolting_rhymes
548,Revolutionary Road,2008,revolutionary_road,https://www.rottentomatoes.com/m/revolutionary_road
549,Richard Jewell,2019,richard_jewell,https://www.rottentomatoes.com/m/richard_jewell
550,Rise of the Planet of the Apes,2011,rise_of_the_planet_of_the_apes,https://www.rottentomatoes.com/m/rise_of_the_planet_of_the_apes
551,Robin Robin,2021,robin_robin,https://www.rottentomatoes.com/m/robin_robin
552,Robot Dreams,2023,robot_dreams,https://www.rottentomatoes.com/m/robot_dreams
553,Rogue One: A Star Wars Story,2016,rogue_one_a_star_wars_story,https://www.rottentomatoes.com/m/rogue_one_a_star_wars_story
554,Roma,2018,roma,https://www.rottentomatoes.com/m/roma
555,"Roman J. Israel, Esq.",2017,roman_j_israel_esq,https://www.rottentomatoes.com/m/roman_j_israel_esq
556,Room,2015,room,https://www.rottentomatoes.com/m/room_2015
557,Room on the Broom,2012,room_on_the_broom,https://www.rottentomatoes.com/m/room_on_the_broom
558,Rustin,2023,rustin,https://www.rottentomatoes.com/m/rustin_2023
559,Salt,2010,1213717-salt,https://www.rottentomatoes.com/m/1213717-salt
560,Sanjay's Super Team,2015,sanjays_super_team,https://www.rottentomatoes.com/m/sanjays_super_team
561,Saria,2019,saria,https://www.rottentomatoes.com/m/saria
562,Saving Face,2012,saving_face,https://www.rottentomatoes.com/m/saving_face_2012
563,Saving Mr. Banks,2013,saving_mr_banks,https://www.rottentomatoes.com/m/saving_mr_banks
564,Searching for Sugar Man,2012,searching_for_sugar_man,https://www.rottentomatoes.com/m/searching_for_sugar_man_2012
565,Selma,2014,selma,https://www.rottentomatoes.com/m/selma
566,Shang-Chi and the Legend of the Ten Rings,2021,shang_chi_and_the_legend_of_the_ten_rings,https://www.rottentomatoes.com/m/shang_chi_and_the_legend_of_the_ten_rings
567,Shaun the Sheep Movie,2015,shaun_the_sheep_movie,https://www.rottentomatoes.com/m/shaun_the_sheep_movie
568,Sherlock Holmes,2009,sherlock_holmes,https://www.rottentomatoes.com/m/sherlock_holmes_2009
569,Shok,2015,shok,https://www.rottentomatoes.com/m/shok_2015
570,Shoplifters,2018,shoplifters,https://www.rottentomatoes.com/m/shoplifters
571,Sicario,2015,sicario,https://www.rottentomatoes.com/m/sicario_2015
572,Silence,2016,silence,https://www.rottentomatoes.com/m/silence_2016
573,Silent Nights,2016,silent_nights,https://www.rottentomatoes.com/m/silent_nights
574,Silver Linings Playbook,2012,silver_linings_playbook,https://www.rottentomatoes.com/m/silver_linings_playbook
575,Sing,2016,sing,https://www.rottentomatoes.com/m/sing_2016
576,Sister,2018,sister,https://www.rottentomatoes.com/m/sister_2018
577,Skin,2018,skin,https://www.rottentomatoes.com/m/skin
578,Skyfall,2012,skyfall,https://www.rottentomatoes.com/m/skyfall
579,Slumdog Millionaire,2008,slumdog_millionaire,https://www.rottentomatoes.com/m/slumdog_millionaire
580,Smile Pinki,2008,smile-pinki,https://www.rottentomatoes.com/m/smile-pinki
581,Snow White and the Huntsman,2012,snow_white_and_the_huntsman,https://www.rottentomatoes.com/m/snow_white_and_the_huntsman
582,Society of the Snow,2023,society_of_the_snow,https://www.rottentomatoes.com/m/society_of_the_snow
583,Solo: A Star Wars Story,2018,solo_a_star_wars_story,https://www.rottentomatoes.com/m/solo_a_star_wars_story
584,Son of Saul,2015,son_of_saul,https://www.rottentomatoes.com/m/son_of_saul
585,Song of the Sea,2014,song_of_the_sea,https://www.rottentomatoes.com/m/song_of_the_sea_2014
586,Soul,2020,soul,https://www.rottentomatoes.com/m/soul
587,Sound of Metal,2019,sound_of_metal,https://www.rottentomatoes.com/m/sound_of_metal
588,Spencer,2021,spencer,https://www.rottentomatoes.com/m/spencer_2021
589,Spider-Man: Across the Spider-Verse,2023,spider_man_across_the_spider_verse,https://www.rottentomatoes.com/m/spider_man_across_the_spider_verse
590,Spider-Man: Into the Spider-Verse,2018,spider_man_into_the_spider_verse,https://www.rottentomatoes.com/m/spider_man_into_the_spider_verse
591,Spider-Man: No Way Home,2021,spider_man_no_way_home,https://www.rottentomatoes.com/m/spider_man_no_way_home
592,Spielzeugland,2007,spielzeugland,https://www.rottentomatoes.com/m/spielzeugland
593,Spotlight,2015,spotlight,https://www.rottentomatoes.com/m/spotlight_2015
594,St. Louis Superman,2019,st_louis_superman,https://www.rottentomatoes.com/m/st_louis_superman
595,Star Trek,2009,star_trek,https://www.rottentomatoes.com/m/star_trek
596,Star Trek Beyond,2016,star_trek_beyond,https://www.rottentomatoes.com/m/star_trek_beyond
597,Star Trek Into Darkness,2013,star_trek_into_darkness,https://www.rottentomatoes.com/m/star_trek_into_darkness
598,Star Wars: Episode VII - The Force Awakens,2015,star_wars_episode_vii_the_force_awakens,https://www.rottentomatoes.com/m/star_wars_episode_vii_the_force_awakens
599,Star Wars: Episode VIII - The Last Jedi,2017,star_wars_episode_viii_the_last_jedi,https://www.rottentomatoes.com/m/star_wars_the_last_jedi
600,Star Wars: Episode IX - The Rise of Skywalker,2019,star_wars_episode_ix_the_rise_of_skywalker,https://www.rottentomatoes.com/m/star_wars_the_rise_of_skywalker
601,Steve Jobs,2015,steve_jobs,https://www.rottentomatoes.com/m/steve_jobs_2015
602,Still Alice,2014,still_alice,https://www.rottentomatoes.com/m/still_alice
603,Straight Outta Compton,2015,straight_outta_compton,https://www.rottentomatoes.com/m/straight_outta_compton
604,Stranger at the Gate,2022,stranger_at_the_gate,https://www.rottentomatoes.com/m/stranger_at_the_gate
605,Strangers No More,2010,strangers_no_more,https://www.rottentomatoes.com/m/strangers_no_more
606,Strong Island,2017,strong_island,https://www.rottentomatoes.com/m/strong_island
607,Stutterer,2015,stutterer,https://www.rottentomatoes.com/m/stutterer
608,Suicide Squad,2016,suicide_squad,https://www.rottentomatoes.com/m/suicide_squad_2016
609,Sully,2016,sully,https://www.rottentomatoes.com/m/sully
610,"Summer of Soul (...Or, When the Revolution Could Not Be Televised)",2021,summer_of_soul,https://www.rottentomatoes.com/m/summer_of_soul
611,Sun Come Up,2010,sun_come_up,https://www.rottentomatoes.com/m/sun_come_up
612,Tangerines,2013,tangerines,https://www.rottentomatoes.com/m/tangerines
613,Tanna,2015,tanna,https://www.rottentomatoes.com/m/tanna
614,Tenet,2020,tenet,https://www.rottentomatoes.com/m/tenet
615,The 100 Year-Old Man Who Climbed Out the Window and Disappeared,2013,the_100_yearold_man_who_climbed_out_the_window_and_disappeared,https://www.rottentomatoes.com/m/the_100_year_old_man_who_climbed_out_the_window_and_disappeared
616,The ABCs of Book Banning,2023,the_abcs_of_book_banning,https://www.rottentomatoes.com/m/the_abcs_of_book_banning
617,The Act of Killing,2012,the_act_of_killing,https://www.rottentomatoes.com/m/the_act_of_killing
618,The Adventures of Tintin,2011,the_adventures_of_tintin,https://www.rottentomatoes.com/m/the_adventures_of_tintin
619,The After,2023,the_after,https://www.rottentomatoes.com/m/the_after
620,The Artist,2011,the_artist,https://www.rottentomatoes.com/m/the_artist
621,The Baader Meinhof Complex,2008,baader_meinhof_complex,https://www.rottentomatoes.com/m/baader_meinhof_complex
622,The Ballad of Buster Scruggs,2018,the_ballad_of_buster_scruggs,https://www.rottentomatoes.com/m/the_ballad_of_buster_scruggs
623,The Banshees of Inisherin,2022,the_banshees_of_inisherin,https://www.rottentomatoes.com/m/the_banshees_of_inisherin
624,The Barber of Birmingham: Foot Soldier of the Civil Rights Movement,2011,the_barber_of_birmingham_foot_soldier_of_the_civil_rights_movement,https://www.rottentomatoes.com/m/the_barber_of_birmingham_foot_soldier_of_the_civil_rights_movement
625,The Barber of Little Rock,2023,the_barber_of_little_rock,https://www.rottentomatoes.com/m/the_barber_of_little_rock
626,The Batman,2022,the_batman,https://www.rottentomatoes.com/m/the_batman
627,The Betrayal,2008,nerakhoon,https://www.rottentomatoes.com/m/nerakhoon
628,The Big Short,2015,the_big_short,https://www.rottentomatoes.com/m/the_big_short
629,The Big Sick,2017,the_big_sick,https://www.rottentomatoes.com/m/the_big_sick
630,The Bigger Picture,2014,the_bigger_picture,https://www.rottentomatoes.com/m/the_bigger_picture
631,The Blind Side,2009,the_blind_side,https://www.rottentomatoes.com/m/the_blind_side
632,The Book Thief,2013,the_book_thief,https://www.rottentomatoes.com/m/the_book_thief
633,The Boss Baby,2017,the_boss_baby,https://www.rottentomatoes.com/m/the_boss_baby
634,The Boxtrolls,2014,the_boxtrolls,https://www.rottentomatoes.com/m/the_boxtrolls
635,The Boy and the Heron,2023,the_boy_and_the_heron,https://www.rottentomatoes.com/m/the_boy_and_the_heron
636,"The Boy, the Mole, the Fox and the Horse",2022,the_boy_the_mole_the_fox_and_the_horse,https://www.rottentomatoes.com/m/the_boy_the_mole_the_fox_and_the_horse
637,The Breadwinner,2017,the_breadwinner,https://www.rottentomatoes.com/m/the_breadwinner
638,The Broken Circle Breakdown,2012,the_broken_circle_breakdown,https://www.rottentomatoes.com/m/the_broken_circle_breakdown
639,The Cave,2019,the_cave,https://www.rottentomatoes.com/m/the_cave_2019
640,The Class,2008,the_class,https://www.rottentomatoes.com/m/the_class
641,The Color Purple,2023,the_color_purple,https://www.rottentomatoes.com/m/the_color_purple
642,The Confession,2010,the_confession,https://www.rottentomatoes.com/m/the_confession
643,The Conscience of Nhem En,2008,the-conscience-of-nhem-en,https://www.rottentomatoes.com/m/the-conscience-of-nhem-en
644,The Cove,2009,1208882-cove,https://www.rottentomatoes.com/m/1208882-cove
645,The Creator,2023,the_creator,https://www.rottentomatoes.com/m/the_creator_2023
646,The Croods,2013,the_croods,https://www.rottentomatoes.com/m/the_croods
647,The Crush,2009,the_crush,https://www.rottentomatoes.com/m/the_crush_2009
648,The Curious Case of Benjamin Button,2008,curious_case_of_benjamin_button,https://www.rottentomatoes.com/m/curious_case_of_benjamin_button
649,The Dam Keeper,2014,the_dam_keeper,https://www.rottentomatoes.com/m/the_dam_keeper
650,The Danish Girl,2015,the_danish_girl,https://www.rottentomatoes.com/m/the_danish_girl
651,The Dark Knight,2008,the_dark_knight,https://www.rottentomatoes.com/m/the_dark_knight
652,The Descendants,2011,the_descendants,https://www.rottentomatoes.com/m/the_descendants_2011
653,The Disaster Artist,2017,the_disaster_artist,https://www.rottentomatoes.com/m/the_disaster_artist
654,The Door,2008,the_door,https://www.rottentomatoes.com/m/the_door_2008
655,The Dress,2020,the_dress,https://www.rottentomatoes.com/m/the_dress_2020
656,The Duchess,2008,10009493-duchess,https://www.rottentomatoes.com/m/10009493-duchess
657,The Edge of Democracy,2019,the_edge_of_democracy,https://www.rottentomatoes.com/m/the_edge_of_democracy
658,The Elephant Whisperers,2022,the_elephant_whisperers,https://www.rottentomatoes.com/m/the_elephant_whisperers
659,The Eleven O'Clock,2016,the_eleven_oclock,https://www.rottentomatoes.com/m/the_eleven_oclock
660,The Eternal Memory,2023,the_eternal_memory,https://www.rottentomatoes.com/m/the_eternal_memory
661,The Eyes of Tammy Faye,2021,the_eyes_of_tammy_faye,https://www.rottentomatoes.com/m/the_eyes_of_tammy_faye_2021
662,The Fabelmans,2022,the_fabelmans,https://www.rottentomatoes.com/m/the_fabelmans
663,The Fantastic Flying Books of Mr. Morris Lessmore,2011,the_fantastic_flying_books_of_mr_morris_lessmore,https://www.rottentomatoes.com/m/the_fantastic_flying_books_of_mr_morris_lessmore
664,The Father,2020,the_father,https://www.rottentomatoes.com/m/the_father_2020
665,The Favourite,2018,the_favourite,https://www.rottentomatoes.com/m/the_favourite
666,The Fighter,2010,the_fighter,https://www.rottentomatoes.com/m/the_fighter
667,The Final Inch,2008,the-final-inch,https://www.rottentomatoes.com/m/the-final-inch
668,The Florida Project,2017,the_florida_project,https://www.rottentomatoes.com/m/the_florida_project
669,The Flying Sailor,2022,the_flying_sailor,https://www.rottentomatoes.com/m/the_flying_sailor
670,The Garden,2008,the_garden,https://www.rottentomatoes.com/m/the_garden_2008
671,The Gatekeepers,2012,the_gatekeepers,https://www.rottentomatoes.com/m/the_gatekeepers
672,The Girl with the Dragon Tattoo,2011,the_girl_with_the_dragon_tattoo,https://www.rottentomatoes.com/m/the_girl_with_the_dragon_tattoo
673,The Grand Budapest Hotel,2014,the_grand_budapest_hotel,https://www.rottentomatoes.com/m/the_grand_budapest_hotel
674,The Grandmaster,2013,the_grandmaster,https://www.rottentomatoes.com/m/the_grandmaster
675,The Great Beauty,2013,the_great_beauty,https://www.rottentomatoes.com/m/the_great_beauty
676,The Great Gatsby,2013,the_great_gatsby,https://www.rottentomatoes.com/m/the_great_gatsby_2013
677,The Gruffalo,2009,the_gruffalo,https://www.rottentomatoes.com/m/the_gruffalo
678,The Hand of God,2021,the_hand_of_god,https://www.rottentomatoes.com/m/the_hand_of_god
679,The Hateful Eight,2015,the_hateful_eight,https://www.rottentomatoes.com/m/the_hateful_eight
680,The Help,2011,the_help,https://www.rottentomatoes.com/m/the_help
681,The Hobbit: An Unexpected Journey,2012,the_hobbit_an_unexpected_journey,https://www.rottentomatoes.com/m/the_hobbit_an_unexpected_journey
682,The Hobbit: The Battle of the Five Armies,2014,the_hobbit_the_battle_of_the_five_armies,https://www.rottentomatoes.com/m/the_hobbit_the_battle_of_the_five_armies
683,The Hobbit: The Desolation of Smaug,2013,the_hobbit_the_desolation_of_smaug,https://www.rottentomatoes.com/m/the_hobbit_the_desolation_of_smaug
684,The Holdovers,2023,the_holdovers,https://www.rottentomatoes.com/m/the_holdovers
685,The Hunt,2012,the_hunt,https://www.rottentomatoes.com/m/the_hunt_2012
686,The Hurt Locker,2008,the_hurt_locker,https://www.rottentomatoes.com/m/the_hurt_locker
687,The Ides of March,2011,the_ides_of_march,https://www.rottentomatoes.com/m/the_ides_of_march
688,The Illusionist,2010,the_illusionist,https://www.rottentomatoes.com/m/the_illusionist
689,The Imaginarium of Doctor Parnassus,2009,the_imaginarium_of_doctor_parnassus,https://www.rottentomatoes.com/m/the_imaginarium_of_doctor_parnassus
690,The Imitation Game,2014,the_imitation_game,https://www.rottentomatoes.com/m/the_imitation_game
691,The Impossible,2012,the_impossible,https://www.rottentomatoes.com/m/the_impossible
692,The Insult,2017,the_insult,https://www.rottentomatoes.com/m/the_insult
693,The Invisible War,2012,the_invisible_war,https://www.rottentomatoes.com/m/the_invisible_war_2012
694,The Invisible Woman,2013,the_invisible_woman,https://www.rottentomatoes.com/m/the_invisible_woman_2013
695,The Irishman,2019,the_irishman,https://www.rottentomatoes.com/m/the_irishman
696,The Iron Lady,2011,the_iron_lady,https://www.rottentomatoes.com/m/the_iron_lady
697,The Judge,2014,the_judge,https://www.rottentomatoes.com/m/the_judge_2014
698,The Jungle Book,2016,the_jungle_book,https://www.rottentomatoes.com/m/the_jungle_book_2016
699,The Kids Are All Right,2010,the_kids_are_all_right,https://www.rottentomatoes.com/m/the_kids_are_all_right
700,The King's Speech,2010,the_kings_speech,https://www.rottentomatoes.com/m/the_kings_speech
701,The Lady and the Reaper (La dama y la muerte),2009,the_lady_and_the_reaper,https://www.rottentomatoes.com/m/the_lady_and_the_reaper
702,The Lady in Number 6: Music Saved My Life,2013,the_lady_in_number_6_music_saved_my_life,https://www.rottentomatoes.com/m/the_lady_in_number_6_music_saved_my_life
703,The Last Campaign of Governor Booth Gardner,2009,the_last_campaign_of_governor_booth_gardner,https://www.rottentomatoes.com/m/the_last_campaign_of_governor_booth_gardner_2009
704,The Last Repair Shop,2023,the_last_repair_shop,https://www.rottentomatoes.com/m/the_last_repair_shop
705,The Last Station,2009,last_station,https://www.rottentomatoes.com/m/last_station
706,The Last Truck: Closing of a GM Plant,2009,the-last-truck-the-closing-of-a-gm-plant,https://www.rottentomatoes.com/m/the-last-truck-the-closing-of-a-gm-plant
707,The Letter Room,2020,the_letter_room,https://www.rottentomatoes.com/m/the_letter_room
708,The Lighthouse,2019,the_lighthouse,https://www.rottentomatoes.com/m/the_lighthouse_2019
709,The Lion King,2019,the_lion_king,https://www.rottentomatoes.com/m/the_lion_king_2019
710,The Lobster,2015,the_lobster,https://www.rottentomatoes.com/m/the_lobster
711,The Lone Ranger,2013,the_lone_ranger,https://www.rottentomatoes.com/m/the_lone_ranger
712,The Long Goodbye,2020,the_long_goodbye,https://www.rottentomatoes.com/m/the_long_goodbye
713,The Look of Silence,2014,the_look_of_silence,https://www.rottentomatoes.com/m/the_look_of_silence
714,The Lost Daughter,2021,the_lost_daughter,https://www.rottentomatoes.com/m/the_lost_daughter
715,The Lost Thing,2010,the_lost_thing,https://www.rottentomatoes.com/m/the_lost_thing
716,The Lovely Bones,2009,1189344-lovely_bones,https://www.rottentomatoes.com/m/1189344-lovely_bones
717,The Man Who Sold His Skin,2020,the_man_who_sold_his_skin,https://www.rottentomatoes.com/m/the_man_who_sold_his_skin
718,The Martha Mitchell Effect,2022,the_martha_mitchell_effect,https://www.rottentomatoes.com/m/the_martha_mitchell_effect
719,The Martian,2015,the_martian,https://www.rottentomatoes.com/m/the_martian
720,The Master,2012,the_master,https://www.rottentomatoes.com/m/the_master_2012
721,The Messenger,2009,the_messenger,https://www.rottentomatoes.com/m/the_messenger
722,The Midnight Sky,2020,the_midnight_sky,https://www.rottentomatoes.com/m/the_midnight_sky
723,The Milk of Sorrow,2009,milk_of_sorrow,https://www.rottentomatoes.com/m/milk_of_sorrow
724,The Missing Picture,2013,the_missing_picture,https://www.rottentomatoes.com/m/the_missing_picture
725,The Mitchells vs. the Machines,2021,the_mitchells_vs_the_machines,https://www.rottentomatoes.com/m/the_mitchells_vs_the_machines
726,The Mole Agent,2020,the_mole_agent,https://www.rottentomatoes.com/m/the_mole_agent
727,The Most Dangerous Man in America: Daniel Ellsberg and the Pentagon Papers,2009,daniel_ellsberg_doc,https://www.rottentomatoes.com/m/daniel_ellsberg_doc
728,The Neighbors' Window,2019,the_neighbors_window,https://www.rottentomatoes.com/m/the_neighbors_window
729,The New Tenants,2009,the_new_tenants,https://www.rottentomatoes.com/m/the_new_tenants
730,The One and Only Ivan,2020,the_one_and_only_ivan,https://www.rottentomatoes.com/m/the_one_and_only_ivan
731,The Phone Call,2013,the_phone_call,https://www.rottentomatoes.com/m/the_phone_call
732,Grisen,2008,grisen,https://www.rottentomatoes.com/m/grisen_2008
733,The Pirates! Band of Misfits,2012,the_pirates_band_of_misfits,https://www.rottentomatoes.com/m/the_pirates_band_of_misfits
734,The Post,2017,the_post,https://www.rottentomatoes.com/m/the_post
735,The Power of the Dog,2021,the_power_of_the_dog,https://www.rottentomatoes.com/m/the_power_of_the_dog
736,The Present,2020,the_present_0000,https://www.rottentomatoes.com/m/the_present_0000
737,The Princess and the Frog,2009,the_princess_and_the_frog,https://www.rottentomatoes.com/m/the_princess_and_the_frog
738,The Queen of Basketball,2021,the_queen_of_basketball,https://www.rottentomatoes.com/m/the_queen_of_basketball
739,The Quiet Girl,2022,the_quiet_girl,https://www.rottentomatoes.com/m/the_quiet_girl
740,The Reader,2008,reader,https://www.rottentomatoes.com/m/reader
741,The Reaper,2013,the_reaper,https://www.rottentomatoes.com/m/the_reaper_2013
742,The Red Suitcase,2022,the_red_suitcase,https://www.rottentomatoes.com/m/the_red_suitcase
743,The Red Turtle,2016,the_red_turtle,https://www.rottentomatoes.com/m/the_red_turtle
744,The Revenant,2015,the_revenant,https://www.rottentomatoes.com/m/the_revenant_2015
745,The Salesman,2016,the_salesman,https://www.rottentomatoes.com/m/the_salesman_2016
746,The Salt of the Earth,2014,the_salt_of_the_earth,https://www.rottentomatoes.com/m/the_salt_of_the_earth
747,The Sea Beast,2022,the_sea_beast,https://www.rottentomatoes.com/m/the_sea_beast
748,The Secret in Their Eyes,2009,secret_in_their_eyes,https://www.rottentomatoes.com/m/secret_in_their_eyes
749,The Secret of Kells,2009,the_secret_of_kells,https://www.rottentomatoes.com/m/the_secret_of_kells
750,The Sessions,2012,the_sessions,https://www.rottentomatoes.com/m/the_sessions
751,The Shape of Water,2017,the_shape_of_water,https://www.rottentomatoes.com/m/the_shape_of_water_2017
752,The Shore,2011,the_shore,https://www.rottentomatoes.com/m/the_shore_2011
753,The Silent Child,2017,the_silent_child,https://www.rottentomatoes.com/m/the_silent_child
754,The Social Network,2010,the_social_network,https://www.rottentomatoes.com/m/the_social_network
755,The Square,2017,the_square,https://www.rottentomatoes.com/m/the_square_2017
756,The Tale of The Princess Kaguya,2013,the_tale_of_the_princess_kaguya,https://www.rottentomatoes.com/m/the_tale_of_the_princess_kaguya
757,The Teachers' Lounge,2023,the_teachers_lounge,https://www.rottentomatoes.com/m/the_teachers_lounge
758,The Tempest,2010,the_tempest,https://www.rottentomatoes.com/m/the_tempest_2010
759,The Theory of Everything,2014,the_theory_of_everything,https://www.rottentomatoes.com/m/the_theory_of_everything_2014
760,The Town,2010,the_town,https://www.rottentomatoes.com/m/the_town
761,The Tragedy of Macbeth,2021,the_tragedy_of_macbeth,https://www.rottentomatoes.com/m/the_tragedy_of_macbeth_2021
762,The Tree of Life,2011,the_tree_of_life,https://www.rottentomatoes.com/m/the_tree_of_life
763,The Trial of the Chicago 7,2020,the_trial_of_the_chicago_7,https://www.rottentomatoes.com/m/the_trial_of_the_chicago_7
764,The Tsunami and the Cherry Blossom,2011,the_tsunami_and_the_cherry_blossom,https://www.rottentomatoes.com/m/the_tsunami_and_the_cherry_blossom
765,The Two Popes,2019,the_two_popes,https://www.rottentomatoes.com/m/the_two_popes
766,The United States vs. Billie Holiday,2021,the_united_states_vs_billie_holiday,https://www.rottentomatoes.com/m/the_united_states_vs_billie_holiday
767,The Visitor,2007,10008820-visitor,https://www.rottentomatoes.com/m/10008820-visitor
768,The Voorman Problem,2011,the_voorman_problem,https://www.rottentomatoes.com/m/the_voorman_problem
769,The Warriors of Qiugang,2010,the_warriors_of_qiugang,https://www.rottentomatoes.com/m/the_warriors_of_qiugang
770,The Way Back,2010,the_way_back,https://www.rottentomatoes.com/m/the_way_back
771,The Whale,2022,the_whale,https://www.rottentomatoes.com/m/the_whale_2022
772,The White Helmets,2016,the_white_helmets,https://www.rottentomatoes.com/m/the_white_helmets
773,The White Ribbon,2009,the_white_ribbon,https://www.rottentomatoes.com/m/the_white_ribbon
774,The White Tiger,2021,the_white_tiger_2020,https://www.rottentomatoes.com/m/the_white_tiger_2020
775,The Wife,2017,the_wife_2018,https://www.rottentomatoes.com/m/the_wife_2018
776,The Wind Rises,2013,the_wind_rises,https://www.rottentomatoes.com/m/the_wind_rises
777,The Windshield Wiper,2021,the_windshield_wiper,https://www.rottentomatoes.com/m/the_windshield_wiper
778,The Witness from the Balcony of Room 306,2008,the_witness_from_the_balcony_of_room_306,https://www.rottentomatoes.com/m/the_witness_from_the_balcony_of_room_306_2008
779,The Wolf of Wall Street,2013,the_wolf_of_wall_street,https://www.rottentomatoes.com/m/the_wolf_of_wall_street_2013
780,The Wolfman,2010,1194949-wolfman,https://www.rottentomatoes.com/m/1194949-wolfman
781,The Wonderful Story of Henry Sugar,2023,the_wonderful_story_of_henry_sugar,https://www.rottentomatoes.com/m/the_wonderful_story_of_henry_sugar
782,The Worst Person in the World,2021,the_worst_person_in_the_world,https://www.rottentomatoes.com/m/the_worst_person_in_the_world
783,The Wrestler,2008,the_wrestler,https://www.rottentomatoes.com/m/the_wrestler
784,The Young Victoria,2009,young_victoria,https://www.rottentomatoes.com/m/young_victoria
785,The Zone of Interest,2023,the_zone_of_interest,https://www.rottentomatoes.com/m/the_zone_of_interest
786,Theeb,2014,theeb,https://www.rottentomatoes.com/m/theeb
787,This Way Up,2008,this_way_up,https://www.rottentomatoes.com/m/this_way_up_2008
788,"Three Billboards Outside Ebbing, Missouri",2017,three_billboards_outside_ebbing_missouri,https://www.rottentomatoes.com/m/three_billboards_outside_ebbing_missouri
789,Three Songs for Benazir,2021,three_songs_for_benazir,https://www.rottentomatoes.com/m/three_songs_for_benazir
790,"tick, tick... BOOM!",2021,tick_tick_boom,https://www.rottentomatoes.com/m/tick_tick_boom
791,Timbuktu,2014,timbuktu,https://www.rottentomatoes.com/m/timbuktu_2014
792,Time,2020,time,https://www.rottentomatoes.com/m/time_2020
793,Time Freak,2011,time_freak,https://www.rottentomatoes.com/m/time_freak
794,Timecode,2016,timecode,https://www.rottentomatoes.com/m/timecode_2016
795,Tinker Tailor Soldier Spy,2011,tinker_tailor_soldier_spy,https://www.rottentomatoes.com/m/tinker_tailor_soldier_spy
796,To Kill a Tiger,2022,to_kill_a_tiger,https://www.rottentomatoes.com/m/to_kill_a_tiger
797,To Leslie,2022,to_leslie,https://www.rottentomatoes.com/m/to_leslie
798,Toni Erdmann,2016,toni_erdmann,https://www.rottentomatoes.com/m/toni_erdmann
799,Top Gun: Maverick,2022,top_gun_maverick,https://www.rottentomatoes.com/m/top_gun_maverick
800,Toy Story 3,2010,toy_story_3,https://www.rottentomatoes.com/m/toy_story_3
801,Toy Story 4,2019,toy_story_4,https://www.rottentomatoes.com/m/toy_story_4
802,Traffic Stop,2017,traffic_stop,https://www.rottentomatoes.com/m/traffic_stop
803,Transformers: Dark of the Moon,2011,transformers_dark_of_the_moon,https://www.rottentomatoes.com/m/transformers_dark_of_the_moon
804,Transformers: Revenge of the Fallen,2009,transformers_revenge_of_the_fallen,https://www.rottentomatoes.com/m/transformers_revenge_of_the_fallen
805,Triangle of Sadness,2022,triangle_of_sadness,https://www.rottentomatoes.com/m/triangle_of_sadness
806,TRON: Legacy,2010,10011582-tron_legacy,https://www.rottentomatoes.com/m/10011582-tron_legacy
807,Tropic Thunder,2008,tropic_thunder,https://www.rottentomatoes.com/m/tropic_thunder
808,Trouble the Water,2008,trouble_the_water,https://www.rottentomatoes.com/m/trouble_the_water
809,True Grit,2010,true_grit,https://www.rottentomatoes.com/m/true_grit_2010
810,Trumbo,2015,trumbo,https://www.rottentomatoes.com/m/trumbo
811,Turning Red,2022,turning_red,https://www.rottentomatoes.com/m/turning_red
812,"Two Days, One Night",2014,two_days_one_night,https://www.rottentomatoes.com/m/two_days_one_night
813,Two Distant Strangers,2020,two_distant_strangers,https://www.rottentomatoes.com/m/two_distant_strangers
814,Tár,2022,tar,https://www.rottentomatoes.com/m/tar_2022
815,Unbroken,2014,unbroken,https://www.rottentomatoes.com/m/unbroken
816,Undefeated,2011,undefeated_2012,https://www.rottentomatoes.com/m/undefeated_2012
817,Unstoppable,2010,unstoppable,https://www.rottentomatoes.com/m/unstoppable_2010
818,Up,2009,up,https://www.rottentomatoes.com/m/up
819,Up in the Air,2009,up_in_the_air,https://www.rottentomatoes.com/m/up_in_the_air_2009
820,Vice,2018,vice,https://www.rottentomatoes.com/m/vice_2018
821,Vicky Cristina Barcelona,2008,vicky_cristina_barcelona,https://www.rottentomatoes.com/m/vicky_cristina_barcelona
822,Victoria & Abdul,2017,victoria_and_abdul,https://www.rottentomatoes.com/m/victoria_and_abdul
823,Virunga,2014,virunga,https://www.rottentomatoes.com/m/virunga
824,W.E.,2011,we,https://www.rottentomatoes.com/m/we_2011
825,Walk Run Cha-Cha,2019,walk_run_chacha,https://www.rottentomatoes.com/m/walk_run_chacha_2019
826,WALL·E,2008,wall_e,https://www.rottentomatoes.com/m/wall_e
827,Waltz with Bashir,2008,waltz_with_bashir,https://www.rottentomatoes.com/m/waltz_with_bashir
828,Wanted,2008,1174279-wanted,https://www.rottentomatoes.com/m/1174279-wanted
829,War for the Planet of the Apes,2017,war_for_the_planet_of_the_apes,https://www.rottentomatoes.com/m/war_for_the_planet_of_the_apes
830,War Horse,2011,war_horse,https://www.rottentomatoes.com/m/war_horse
831,WAR IS OVER! Inspired by the Music of John and Yoko,2023,war_is_over_inspired_by_the_music_of_john_and_yoko,https://www.rottentomatoes.com/m/war_is_over_inspired_by_the_music_of_john_and_yoko
832,War Witch,2012,war_witch,https://www.rottentomatoes.com/m/war_witch
833,Warrior,2011,warrior,https://www.rottentomatoes.com/m/warrior_2011
834,Waste Land,2010,waste_land,https://www.rottentomatoes.com/m/waste_land
835,Watani: My Homeland,2016,watani_my_homeland,https://www.rottentomatoes.com/m/watani_my_homeland
836,Watu Wote: All of Us,2017,watu_wote,https://www.rottentomatoes.com/m/watu_wote
837,We Can't Live Without Cosmos,2014,we_cant_live_without_cosmos,https://www.rottentomatoes.com/m/we_cant_live_without_cosmos
838,Weekends,2017,weekends,https://www.rottentomatoes.com/m/weekends
839,West Side Story,2021,west_side_story,https://www.rottentomatoes.com/m/west_side_story_2021
840,"What Happened, Miss Simone?",2015,what_happened_miss_simone,https://www.rottentomatoes.com/m/what_happened_miss_simone
841,When Marnie Was There,2014,when_marnie_was_there,https://www.rottentomatoes.com/m/when_marnie_was_there
842,When We Were Bullies,2021,when_we_were_bullies,https://www.rottentomatoes.com/m/when_we_were_bullies
843,Which Way Home,2009,which_way_home,https://www.rottentomatoes.com/m/which_way_home_2009
844,Whiplash,2014,whiplash,https://www.rottentomatoes.com/m/whiplash_2014
845,White Earth,2014,white_earth,https://www.rottentomatoes.com/m/white_earth
846,White Eye,2019,white_eye,https://www.rottentomatoes.com/m/white_eye
847,Wild,2014,wild,https://www.rottentomatoes.com/m/wild_2014
848,Wild Life,2011,wild_life,https://www.rottentomatoes.com/m/wild_life_2011
849,Wild Tales,2014,wild_tales,https://www.rottentomatoes.com/m/wild_tales
850,Winter on Fire: Ukraine's Fight for Freedom,2015,winter_on_fire_ukraines_fight_for_freedom,https://www.rottentomatoes.com/m/winter_on_fire_ukraines_fight_for_freedom
851,Winter's Bone,2010,10012136-winters_bone,https://www.rottentomatoes.com/m/10012136-winters_bone
852,Wish 143,2010,wish_143,https://www.rottentomatoes.com/m/wish_143
853,Wolfwalkers,2020,wolfwalkers,https://www.rottentomatoes.com/m/wolfwalkers
854,Women Talking,2022,women_talking,https://www.rottentomatoes.com/m/women_talking
855,Wonder,2017,wonder,https://www.rottentomatoes.com/m/wonder
856,World of Tomorrow,2015,world_of_tomorrow,https://www.rottentomatoes.com/m/world_of_tomorrow_2015
857,Wreck-It Ralph,2012,wreck_it_ralph,https://www.rottentomatoes.com/m/wreck_it_ralph
858,Writing with Fire,2021,writing_with_fire,https://www.rottentomatoes.com/m/writing_with_fire
859,X-Men: Days of Future Past,2014,x_men_days_of_future_past,https://www.rottentomatoes.com/m/x_men_days_of_future_past
860,Yes-People,2020,ja_folkid,https://www.rottentomatoes.com/m/ja_folkid
861,Zero Dark Thirty,2012,zero_dark_thirty,https://www.rottentomatoes.com/m/zero_dark_thirty
862,Zootopia,2016,zootopia,https://www.rottentomatoes.com/m/zootopia
